position,Frequency_Hz,Magnitude_dB,Color,Phase_deg,STI,STI_Degradation_%
Std8-Ceiling,20.0,-24.21,#1f77b4,-94.65,0.5,47.37
Std8-Ceiling,21.44,-25.11,#1f77b4,-129.64,0.5,47.37
Std8-Ceiling,22.98,-26.17,#1f77b4,45.92,0.5,47.37
Std8-Ceiling,24.63,-26.89,#1f77b4,-164.5,0.5,47.37
Std8-Ceiling,26.4,-27.54,#1f77b4,93.71,0.5,47.37
Std8-Ceiling,28.3,-28.18,#1f77b4,152.37,0.5,47.37
Std8-Ceiling,30.33,-27.26,#1f77b4,-0.71,0.5,47.37
Std8-Ceiling,32.52,-26.67,#1f77b4,-120.13,0.5,47.37
Std8-Ceiling,34.85,-25.65,#1f77b4,48.7,0.5,47.37
Std8-Ceiling,37.36,-24.6,#1f77b4,-112.85,0.5,47.37
Std8-Ceiling,40.04,-22.9,#1f77b4,-54.83,0.5,47.37
Std8-Ceiling,42.92,-20.94,#1f77b4,15.6,0.5,47.37
Std8-Ceiling,46.01,-18.57,#1f77b4,-10.28,0.5,47.37
Std8-Ceiling,49.32,-15.39,#1f77b4,-116.87,0.5,47.37
Std8-Ceiling,52.86,-12.63,#1f77b4,-16.26,0.5,47.37
Std8-Ceiling,56.66,-9.58,#1f77b4,31.12,0.5,47.37
Std8-Ceiling,60.74,-6.64,#1f77b4,51.74,0.5,47.37
Std8-Ceiling,65.1,-5.25,#1f77b4,-90.28,0.5,47.37
Std8-Ceiling,69.78,-5.19,#1f77b4,44.67,0.5,47.37
Std8-Ceiling,74.8,-5.66,#1f77b4,174.98,0.5,47.37
Std8-Ceiling,80.18,-5.87,#1f77b4,-16.93,0.5,47.37
Std8-Ceiling,85.94,-8.15,#1f77b4,-142.36,0.5,47.37
Std8-Ceiling,92.12,-9.89,#1f77b4,34.94,0.5,47.37
Std8-Ceiling,98.74,-11.38,#1f77b4,92.19,0.5,47.37
Std8-Ceiling,105.84,-13.04,#1f77b4,-73.86,0.5,47.37
Std8-Ceiling,113.45,-14.15,#1f77b4,-130.23,0.5,47.37
Std8-Ceiling,121.6,-14.88,#1f77b4,-96.54,0.5,47.37
Std8-Ceiling,130.35,-14.98,#1f77b4,27.76,0.5,47.37
Std8-Ceiling,139.72,-15.91,#1f77b4,-71.57,0.5,47.37
Std8-Ceiling,149.76,-15.25,#1f77b4,114.74,0.5,47.37
Std8-Ceiling,160.53,-15.35,#1f77b4,105.97,0.5,47.37
Std8-Ceiling,172.07,-15.53,#1f77b4,-80.13,0.5,47.37
Std8-Ceiling,184.44,-15.67,#1f77b4,170.73,0.5,47.37
Std8-Ceiling,197.7,-15.93,#1f77b4,8.76,0.5,47.37
Std8-Ceiling,211.91,-16.63,#1f77b4,-20.49,0.5,47.37
Std8-Ceiling,227.15,-16.89,#1f77b4,-61.2,0.5,47.37
Std8-Ceiling,243.48,-17.86,#1f77b4,-133.53,0.5,47.37
Std8-Ceiling,260.98,-18.45,#1f77b4,-143.74,0.5,47.37
Std8-Ceiling,279.74,-18.74,#1f77b4,-44.28,0.5,47.37
Std8-Ceiling,299.85,-18.73,#1f77b4,60.85,0.5,47.37
Std8-Ceiling,321.41,-19.19,#1f77b4,-132.31,0.5,47.37
Std8-Ceiling,344.52,-19.77,#1f77b4,-96.93,0.5,47.37
Std8-Ceiling,369.28,-19.34,#1f77b4,42.94,0.5,47.37
Std8-Ceiling,395.83,-20.16,#1f77b4,7.68,0.5,47.37
Std8-Ceiling,424.29,-19.89,#1f77b4,-124.97,0.5,47.37
Std8-Ceiling,454.79,-20.21,#1f77b4,-34.62,0.5,47.37
Std8-Ceiling,487.49,-21.21,#1f77b4,129.96,0.5,47.37
Std8-Ceiling,522.54,-21.45,#1f77b4,43.05,0.5,47.37
Std8-Ceiling,560.1,-21.85,#1f77b4,-64.68,0.5,47.37
Std8-Ceiling,600.37,-21.73,#1f77b4,53.97,0.5,47.37
Std8-Ceiling,643.53,-22.07,#1f77b4,49.22,0.5,47.37
Std8-Ceiling,689.79,-22.01,#1f77b4,37.82,0.5,47.37
Std8-Ceiling,739.38,-22.89,#1f77b4,153.82,0.5,47.37
Std8-Ceiling,792.54,-22.66,#1f77b4,144.0,0.5,47.37
Std8-Ceiling,849.51,-23.26,#1f77b4,-179.58,0.5,47.37
Std8-Ceiling,910.59,-22.97,#1f77b4,10.22,0.5,47.37
Std8-Ceiling,976.05,-23.88,#1f77b4,0.32,0.5,47.37
Std8-Ceiling,1046.22,-23.94,#1f77b4,-31.51,0.5,47.37
Std8-Ceiling,1121.43,-24.48,#1f77b4,163.61,0.5,47.37
Std8-Ceiling,1202.06,-24.74,#1f77b4,69.62,0.5,47.37
Std8-Ceiling,1288.47,-25.01,#1f77b4,-168.73,0.5,47.37
Std8-Ceiling,1381.1,-25.3,#1f77b4,139.67,0.5,47.37
Std8-Ceiling,1480.39,-24.98,#1f77b4,-34.64,0.5,47.37
Std8-Ceiling,1586.82,-25.92,#1f77b4,8.94,0.5,47.37
Std8-Ceiling,1700.9,-26.4,#1f77b4,91.71,0.5,47.37
Std8-Ceiling,1823.18,-26.57,#1f77b4,-123.43,0.5,47.37
Std8-Ceiling,1954.25,-27.35,#1f77b4,-144.5,0.5,47.37
Std8-Ceiling,2094.74,-27.28,#1f77b4,106.16,0.5,47.37
Std8-Ceiling,2245.34,-27.86,#1f77b4,-138.44,0.5,47.37
Std8-Ceiling,2406.76,-27.83,#1f77b4,-70.66,0.5,47.37
Std8-Ceiling,2579.78,-27.65,#1f77b4,138.15,0.5,47.37
Std8-Ceiling,2765.24,-28.31,#1f77b4,86.31,0.5,47.37
Std8-Ceiling,2964.04,-28.05,#1f77b4,56.83,0.5,47.37
Std8-Ceiling,3177.13,-29.22,#1f77b4,32.48,0.5,47.37
Std8-Ceiling,3405.54,-29.11,#1f77b4,163.6,0.5,47.37
Std8-Ceiling,3650.37,-29.68,#1f77b4,-48.97,0.5,47.37
Std8-Ceiling,3912.8,-29.64,#1f77b4,36.76,0.5,47.37
Std8-Ceiling,4194.09,-29.96,#1f77b4,-142.1,0.5,47.37
Std8-Ceiling,4495.61,-30.19,#1f77b4,13.12,0.5,47.37
Std8-Ceiling,4818.81,-30.06,#1f77b4,-27.36,0.5,47.37
Std8-Ceiling,5165.24,-29.8,#1f77b4,33.9,0.5,47.37
Std8-Ceiling,5536.57,-29.81,#1f77b4,-9.96,0.5,47.37
Std8-Ceiling,5934.6,-30.15,#1f77b4,-82.6,0.5,47.37
Std8-Ceiling,6361.25,-30.1,#1f77b4,86.4,0.5,47.37
Std8-Ceiling,6818.57,-30.46,#1f77b4,-64.46,0.5,47.37
Std8-Ceiling,7308.77,-29.65,#1f77b4,77.28,0.5,47.37
Std8-Ceiling,7834.2,-29.94,#1f77b4,136.11,0.5,47.37
Std8-Ceiling,8397.41,-29.5,#1f77b4,22.75,0.5,47.37
Std8-Ceiling,9001.12,-30.28,#1f77b4,-141.43,0.5,47.37
Std8-Ceiling,9648.22,-31.04,#1f77b4,150.9,0.5,47.37
Std8-Ceiling,10341.84,-31.14,#1f77b4,-64.76,0.5,47.37
Std8-Ceiling,11085.33,-31.9,#1f77b4,-145.92,0.5,47.37
Std8-Ceiling,11882.27,-32.0,#1f77b4,-125.57,0.5,47.37
Std8-Ceiling,12736.5,-32.5,#1f77b4,8.9,0.5,47.37
Std8-Ceiling,13652.14,-32.56,#1f77b4,96.11,0.5,47.37
Std8-Ceiling,14633.61,-32.79,#1f77b4,27.67,0.5,47.37
Std8-Ceiling,15685.64,-32.99,#1f77b4,134.67,0.5,47.37
Std8-Ceiling,16813.31,-32.87,#1f77b4,0.98,0.5,47.37
Std8-Ceiling,18022.04,-33.56,#1f77b4,97.42,0.5,47.37
Std8-Ceiling,19317.66,-34.17,#1f77b4,87.8,0.5,47.37
Std8-HostA,20.0,-17.84,#ff7f0e,64.43,0.95,0.0
Std8-HostA,21.44,-19.43,#ff7f0e,138.95,0.95,0.0
Std8-HostA,22.98,-20.55,#ff7f0e,14.18,0.95,0.0
Std8-HostA,24.63,-21.14,#ff7f0e,-159.55,0.95,0.0
Std8-HostA,26.4,-21.44,#ff7f0e,7.23,0.95,0.0
Std8-HostA,28.3,-21.2,#ff7f0e,178.58,0.95,0.0
Std8-HostA,30.33,-21.46,#ff7f0e,79.56,0.95,0.0
Std8-HostA,32.52,-20.19,#ff7f0e,8.51,0.95,0.0
Std8-HostA,34.85,-19.99,#ff7f0e,-5.05,0.95,0.0
Std8-HostA,37.36,-19.41,#ff7f0e,23.47,0.95,0.0
Std8-HostA,40.04,-18.78,#ff7f0e,54.15,0.95,0.0
Std8-HostA,42.92,-17.08,#ff7f0e,-165.76,0.95,0.0
Std8-HostA,46.01,-15.84,#ff7f0e,135.29,0.95,0.0
Std8-HostA,49.32,-14.94,#ff7f0e,-22.7,0.95,0.0
Std8-HostA,52.86,-14.07,#ff7f0e,64.76,0.95,0.0
Std8-HostA,56.66,-12.82,#ff7f0e,-134.13,0.95,0.0
Std8-HostA,60.74,-12.77,#ff7f0e,146.77,0.95,0.0
Std8-HostA,65.1,-11.33,#ff7f0e,169.43,0.95,0.0
Std8-HostA,69.78,-10.82,#ff7f0e,138.03,0.95,0.0
Std8-HostA,74.8,-9.49,#ff7f0e,34.99,0.95,0.0
Std8-HostA,80.18,-8.86,#ff7f0e,156.8,0.95,0.0
Std8-HostA,85.94,-7.78,#ff7f0e,46.47,0.95,0.0
Std8-HostA,92.12,-5.78,#ff7f0e,43.25,0.95,0.0
Std8-HostA,98.74,-3.4,#ff7f0e,-131.75,0.95,0.0
Std8-HostA,105.84,0.29,#ff7f0e,81.85,0.95,0.0
Std8-HostA,113.45,2.19,#ff7f0e,62.81,0.95,0.0
Std8-HostA,121.6,5.13,#ff7f0e,92.73,0.95,0.0
Std8-HostA,130.35,7.37,#ff7f0e,-64.82,0.95,0.0
Std8-HostA,139.72,7.71,#ff7f0e,140.9,0.95,0.0
Std8-HostA,149.76,8.31,#ff7f0e,76.84,0.95,0.0
Std8-HostA,160.53,8.09,#ff7f0e,64.89,0.95,0.0
Std8-HostA,172.07,6.7,#ff7f0e,124.69,0.95,0.0
Std8-HostA,184.44,6.36,#ff7f0e,-18.73,0.95,0.0
Std8-HostA,197.7,5.12,#ff7f0e,-51.57,0.95,0.0
Std8-HostA,211.91,4.31,#ff7f0e,-170.91,0.95,0.0
Std8-HostA,227.15,4.22,#ff7f0e,-47.18,0.95,0.0
Std8-HostA,243.48,2.91,#ff7f0e,-101.24,0.95,0.0
Std8-HostA,260.98,2.92,#ff7f0e,97.96,0.95,0.0
Std8-HostA,279.74,2.27,#ff7f0e,33.39,0.95,0.0
Std8-HostA,299.85,2.16,#ff7f0e,-9.35,0.95,0.0
Std8-HostA,321.41,1.94,#ff7f0e,-97.36,0.95,0.0
Std8-HostA,344.52,1.69,#ff7f0e,-114.33,0.95,0.0
Std8-HostA,369.28,1.03,#ff7f0e,100.27,0.95,0.0
Std8-HostA,395.83,0.93,#ff7f0e,-82.38,0.95,0.0
Std8-HostA,424.29,0.84,#ff7f0e,-172.37,0.95,0.0
Std8-HostA,454.79,0.27,#ff7f0e,-102.54,0.95,0.0
Std8-HostA,487.49,0.63,#ff7f0e,-12.04,0.95,0.0
Std8-HostA,522.54,0.21,#ff7f0e,165.66,0.95,0.0
Std8-HostA,560.1,-0.25,#ff7f0e,-28.12,0.95,0.0
Std8-HostA,600.37,-0.48,#ff7f0e,82.11,0.95,0.0
Std8-HostA,643.53,-0.71,#ff7f0e,77.15,0.95,0.0
Std8-HostA,689.79,-0.45,#ff7f0e,32.93,0.95,0.0
Std8-HostA,739.38,-1.0,#ff7f0e,7.43,0.95,0.0
Std8-HostA,792.54,-1.0,#ff7f0e,-158.76,0.95,0.0
Std8-HostA,849.51,-0.59,#ff7f0e,-68.4,0.95,0.0
Std8-HostA,910.59,-0.8,#ff7f0e,-71.79,0.95,0.0
Std8-HostA,976.05,-0.64,#ff7f0e,-177.69,0.95,0.0
Std8-HostA,1046.22,-1.26,#ff7f0e,2.65,0.95,0.0
Std8-HostA,1121.43,-0.91,#ff7f0e,23.61,0.95,0.0
Std8-HostA,1202.06,-1.1,#ff7f0e,138.28,0.95,0.0
Std8-HostA,1288.47,-1.43,#ff7f0e,96.76,0.95,0.0
Std8-HostA,1381.1,-1.91,#ff7f0e,125.04,0.95,0.0
Std8-HostA,1480.39,-2.17,#ff7f0e,-110.9,0.95,0.0
Std8-HostA,1586.82,-1.67,#ff7f0e,131.36,0.95,0.0
Std8-HostA,1700.9,-2.15,#ff7f0e,-73.41,0.95,0.0
Std8-HostA,1823.18,-2.49,#ff7f0e,-13.8,0.95,0.0
Std8-HostA,1954.25,-1.98,#ff7f0e,130.65,0.95,0.0
Std8-HostA,2094.74,-2.09,#ff7f0e,48.38,0.95,0.0
Std8-HostA,2245.34,-2.86,#ff7f0e,78.72,0.95,0.0
Std8-HostA,2406.76,-2.68,#ff7f0e,16.17,0.95,0.0
Std8-HostA,2579.78,-3.01,#ff7f0e,-28.9,0.95,0.0
Std8-HostA,2765.24,-3.74,#ff7f0e,67.59,0.95,0.0
Std8-HostA,2964.04,-3.69,#ff7f0e,37.1,0.95,0.0
Std8-HostA,3177.13,-3.58,#ff7f0e,-74.47,0.95,0.0
Std8-HostA,3405.54,-4.99,#ff7f0e,-0.22,0.95,0.0
Std8-HostA,3650.37,-5.45,#ff7f0e,100.48,0.95,0.0
Std8-HostA,3912.8,-5.95,#ff7f0e,158.9,0.95,0.0
Std8-HostA,4194.09,-6.04,#ff7f0e,-88.45,0.95,0.0
Std8-HostA,4495.61,-7.1,#ff7f0e,-74.83,0.95,0.0
Std8-HostA,4818.81,-6.75,#ff7f0e,89.73,0.95,0.0
Std8-HostA,5165.24,-7.34,#ff7f0e,79.48,0.95,0.0
Std8-HostA,5536.57,-7.29,#ff7f0e,-162.12,0.95,0.0
Std8-HostA,5934.6,-7.87,#ff7f0e,-14.01,0.95,0.0
Std8-HostA,6361.25,-7.99,#ff7f0e,-10.97,0.95,0.0
Std8-HostA,6818.57,-8.43,#ff7f0e,-22.25,0.95,0.0
Std8-HostA,7308.77,-8.7,#ff7f0e,164.04,0.95,0.0
Std8-HostA,7834.2,-8.07,#ff7f0e,-93.84,0.95,0.0
Std8-HostA,8397.41,-9.58,#ff7f0e,143.39,0.95,0.0
Std8-HostA,9001.12,-9.67,#ff7f0e,-166.33,0.95,0.0
Std8-HostA,9648.22,-10.72,#ff7f0e,136.15,0.95,0.0
Std8-HostA,10341.84,-11.06,#ff7f0e,74.01,0.95,0.0
Std8-HostA,11085.33,-12.12,#ff7f0e,-89.56,0.95,0.0
Std8-HostA,11882.27,-12.68,#ff7f0e,32.09,0.95,0.0
Std8-HostA,12736.5,-13.21,#ff7f0e,-179.97,0.95,0.0
Std8-HostA,13652.14,-13.28,#ff7f0e,172.51,0.95,0.0
Std8-HostA,14633.61,-13.99,#ff7f0e,-112.26,0.95,0.0
Std8-HostA,15685.64,-14.47,#ff7f0e,79.46,0.95,0.0
Std8-HostA,16813.31,-15.47,#ff7f0e,-129.3,0.95,0.0
Std8-HostA,18022.04,-16.49,#ff7f0e,-23.89,0.95,0.0
Std8-HostA,19317.66,-17.53,#ff7f0e,-155.88,0.95,0.0
Std8-HostC,20.0,-27.08,#2ca02c,151.8,0.5,47.37
Std8-HostC,21.44,-28.02,#2ca02c,67.03,0.5,47.37
Std8-HostC,22.98,-29.38,#2ca02c,10.45,0.5,47.37
Std8-HostC,24.63,-30.2,#2ca02c,113.38,0.5,47.37
Std8-HostC,26.4,-30.84,#2ca02c,94.68,0.5,47.37
Std8-HostC,28.3,-30.45,#2ca02c,-51.56,0.5,47.37
Std8-HostC,30.33,-30.11,#2ca02c,6.01,0.5,47.37
Std8-HostC,32.52,-30.29,#2ca02c,-162.73,0.5,47.37
Std8-HostC,34.85,-28.42,#2ca02c,-77.44,0.5,47.37
Std8-HostC,37.36,-27.79,#2ca02c,-45.16,0.5,47.37
Std8-HostC,40.04,-25.6,#2ca02c,0.54,0.5,47.37
Std8-HostC,42.92,-23.98,#2ca02c,28.87,0.5,47.37
Std8-HostC,46.01,-21.34,#2ca02c,-125.64,0.5,47.37
Std8-HostC,49.32,-18.3,#2ca02c,45.87,0.5,47.37
Std8-HostC,52.86,-15.46,#2ca02c,38.35,0.5,47.37
Std8-HostC,56.66,-12.53,#2ca02c,96.86,0.5,47.37
Std8-HostC,60.74,-9.85,#2ca02c,-172.28,0.5,47.37
Std8-HostC,65.1,-8.34,#2ca02c,149.35,0.5,47.37
Std8-HostC,69.78,-8.19,#2ca02c,65.91,0.5,47.37
Std8-HostC,74.8,-7.89,#2ca02c,61.69,0.5,47.37
Std8-HostC,80.18,-9.16,#2ca02c,127.38,0.5,47.37
Std8-HostC,85.94,-9.75,#2ca02c,-107.76,0.5,47.37
Std8-HostC,92.12,-10.85,#2ca02c,141.02,0.5,47.37
Std8-HostC,98.74,-12.2,#2ca02c,-63.35,0.5,47.37
Std8-HostC,105.84,-12.52,#2ca02c,14.47,0.5,47.37
Std8-HostC,113.45,-12.17,#2ca02c,-129.65,0.5,47.37
Std8-HostC,121.6,-12.22,#2ca02c,130.8,0.5,47.37
Std8-HostC,130.35,-11.89,#2ca02c,-155.46,0.5,47.37
Std8-HostC,139.72,-11.3,#2ca02c,41.31,0.5,47.37
Std8-HostC,149.76,-11.5,#2ca02c,-93.03,0.5,47.37
Std8-HostC,160.53,-10.77,#2ca02c,-109.82,0.5,47.37
Std8-HostC,172.07,-10.97,#2ca02c,67.26,0.5,47.37
Std8-HostC,184.44,-10.23,#2ca02c,-121.53,0.5,47.37
Std8-HostC,197.7,-10.0,#2ca02c,-149.89,0.5,47.37
Std8-HostC,211.91,-9.5,#2ca02c,166.19,0.5,47.37
Std8-HostC,227.15,-9.18,#2ca02c,-68.89,0.5,47.37
Std8-HostC,243.48,-8.9,#2ca02c,-175.3,0.5,47.37
Std8-HostC,260.98,-9.13,#2ca02c,-121.71,0.5,47.37
Std8-HostC,279.74,-9.08,#2ca02c,-16.41,0.5,47.37
Std8-HostC,299.85,-9.52,#2ca02c,-40.55,0.5,47.37
Std8-HostC,321.41,-9.77,#2ca02c,-62.85,0.5,47.37
Std8-HostC,344.52,-10.27,#2ca02c,-48.21,0.5,47.37
Std8-HostC,369.28,-11.03,#2ca02c,-92.45,0.5,47.37
Std8-HostC,395.83,-12.06,#2ca02c,169.25,0.5,47.37
Std8-HostC,424.29,-12.47,#2ca02c,-39.43,0.5,47.37
Std8-HostC,454.79,-14.14,#2ca02c,-18.61,0.5,47.37
Std8-HostC,487.49,-14.12,#2ca02c,-61.33,0.5,47.37
Std8-HostC,522.54,-14.46,#2ca02c,151.45,0.5,47.37
Std8-HostC,560.1,-15.38,#2ca02c,-10.24,0.5,47.37
Std8-HostC,600.37,-15.56,#2ca02c,-120.18,0.5,47.37
Std8-HostC,643.53,-15.7,#2ca02c,53.72,0.5,47.37
Std8-HostC,689.79,-16.09,#2ca02c,167.09,0.5,47.37
Std8-HostC,739.38,-16.56,#2ca02c,-15.13,0.5,47.37
Std8-HostC,792.54,-16.63,#2ca02c,-113.25,0.5,47.37
Std8-HostC,849.51,-16.84,#2ca02c,30.9,0.5,47.37
Std8-HostC,910.59,-17.13,#2ca02c,-29.99,0.5,47.37
Std8-HostC,976.05,-17.75,#2ca02c,-102.97,0.5,47.37
Std8-HostC,1046.22,-18.11,#2ca02c,-36.06,0.5,47.37
Std8-HostC,1121.43,-18.44,#2ca02c,120.47,0.5,47.37
Std8-HostC,1202.06,-18.81,#2ca02c,-29.03,0.5,47.37
Std8-HostC,1288.47,-18.94,#2ca02c,-134.09,0.5,47.37
Std8-HostC,1381.1,-19.26,#2ca02c,134.81,0.5,47.37
Std8-HostC,1480.39,-19.73,#2ca02c,144.03,0.5,47.37
Std8-HostC,1586.82,-20.08,#2ca02c,102.56,0.5,47.37
Std8-HostC,1700.9,-19.72,#2ca02c,-100.19,0.5,47.37
Std8-HostC,1823.18,-19.96,#2ca02c,-84.29,0.5,47.37
Std8-HostC,1954.25,-21.0,#2ca02c,99.63,0.5,47.37
Std8-HostC,2094.74,-21.29,#2ca02c,23.57,0.5,47.37
Std8-HostC,2245.34,-21.53,#2ca02c,-12.55,0.5,47.37
Std8-HostC,2406.76,-21.68,#2ca02c,-81.9,0.5,47.37
Std8-HostC,2579.78,-22.12,#2ca02c,98.94,0.5,47.37
Std8-HostC,2765.24,-22.59,#2ca02c,-137.19,0.5,47.37
Std8-HostC,2964.04,-22.96,#2ca02c,132.07,0.5,47.37
Std8-HostC,3177.13,-22.75,#2ca02c,-149.5,0.5,47.37
Std8-HostC,3405.54,-23.35,#2ca02c,29.0,0.5,47.37
Std8-HostC,3650.37,-23.75,#2ca02c,139.49,0.5,47.37
Std8-HostC,3912.8,-23.78,#2ca02c,-94.46,0.5,47.37
Std8-HostC,4194.09,-24.1,#2ca02c,-122.94,0.5,47.37
Std8-HostC,4495.61,-24.45,#2ca02c,153.3,0.5,47.37
Std8-HostC,4818.81,-24.64,#2ca02c,-168.43,0.5,47.37
Std8-HostC,5165.24,-25.56,#2ca02c,-179.95,0.5,47.37
Std8-HostC,5536.57,-25.41,#2ca02c,95.8,0.5,47.37
Std8-HostC,5934.6,-25.43,#2ca02c,7.32,0.5,47.37
Std8-HostC,6361.25,-25.82,#2ca02c,168.56,0.5,47.37
Std8-HostC,6818.57,-26.52,#2ca02c,-107.89,0.5,47.37
Std8-HostC,7308.77,-26.65,#2ca02c,76.22,0.5,47.37
Std8-HostC,7834.2,-26.9,#2ca02c,89.49,0.5,47.37
Std8-HostC,8397.41,-27.38,#2ca02c,-46.08,0.5,47.37
Std8-HostC,9001.12,-27.66,#2ca02c,-124.35,0.5,47.37
Std8-HostC,9648.22,-27.94,#2ca02c,-77.11,0.5,47.37
Std8-HostC,10341.84,-28.52,#2ca02c,-13.43,0.5,47.37
Std8-HostC,11085.33,-29.08,#2ca02c,-110.49,0.5,47.37
Std8-HostC,11882.27,-29.1,#2ca02c,-122.11,0.5,47.37
Std8-HostC,12736.5,-28.97,#2ca02c,159.3,0.5,47.37
Std8-HostC,13652.14,-29.64,#2ca02c,91.65,0.5,47.37
Std8-HostC,14633.61,-29.87,#2ca02c,-137.61,0.5,47.37
Std8-HostC,15685.64,-29.89,#2ca02c,-59.06,0.5,47.37
Std8-HostC,16813.31,-30.74,#2ca02c,139.43,0.5,47.37
Std8-HostC,18022.04,-30.77,#2ca02c,104.09,0.5,47.37
Std8-HostC,19317.66,-31.29,#2ca02c,-162.39,0.5,47.37
Std8-MidRoom,20.0,-30.03,#bcbd22,86.94,0.5,47.37
Std8-MidRoom,21.44,-29.23,#bcbd22,-42.37,0.5,47.37
Std8-MidRoom,22.98,-29.18,#bcbd22,50.46,0.5,47.37
Std8-MidRoom,24.63,-28.56,#bcbd22,176.54,0.5,47.37
Std8-MidRoom,26.4,-28.12,#bcbd22,-24.8,0.5,47.37
Std8-MidRoom,28.3,-26.86,#bcbd22,116.6,0.5,47.37
Std8-MidRoom,30.33,-27.47,#bcbd22,134.91,0.5,47.37
Std8-MidRoom,32.52,-27.04,#bcbd22,25.0,0.5,47.37
Std8-MidRoom,34.85,-26.51,#bcbd22,22.81,0.5,47.37
Std8-MidRoom,37.36,-25.85,#bcbd22,-48.82,0.5,47.37
Std8-MidRoom,40.04,-25.21,#bcbd22,26.82,0.5,47.37
Std8-MidRoom,42.92,-24.3,#bcbd22,148.11,0.5,47.37
Std8-MidRoom,46.01,-23.0,#bcbd22,91.92,0.5,47.37
Std8-MidRoom,49.32,-21.66,#bcbd22,-106.14,0.5,47.37
Std8-MidRoom,52.86,-19.2,#bcbd22,76.34,0.5,47.37
Std8-MidRoom,56.66,-17.29,#bcbd22,8.01,0.5,47.37
Std8-MidRoom,60.74,-16.14,#bcbd22,-33.16,0.5,47.37
Std8-MidRoom,65.1,-14.46,#bcbd22,-92.03,0.5,47.37
Std8-MidRoom,69.78,-14.13,#bcbd22,34.5,0.5,47.37
Std8-MidRoom,74.8,-14.5,#bcbd22,-18.26,0.5,47.37
Std8-MidRoom,80.18,-14.81,#bcbd22,-124.24,0.5,47.37
Std8-MidRoom,85.94,-16.36,#bcbd22,29.54,0.5,47.37
Std8-MidRoom,92.12,-17.15,#bcbd22,-66.3,0.5,47.37
Std8-MidRoom,98.74,-17.97,#bcbd22,-97.14,0.5,47.37
Std8-MidRoom,105.84,-18.21,#bcbd22,123.79,0.5,47.37
Std8-MidRoom,113.45,-18.13,#bcbd22,149.65,0.5,47.37
Std8-MidRoom,121.6,-18.29,#bcbd22,104.06,0.5,47.37
Std8-MidRoom,130.35,-17.67,#bcbd22,108.19,0.5,47.37
Std8-MidRoom,139.72,-17.34,#bcbd22,-156.52,0.5,47.37
Std8-MidRoom,149.76,-17.83,#bcbd22,-158.79,0.5,47.37
Std8-MidRoom,160.53,-16.89,#bcbd22,43.61,0.5,47.37
Std8-MidRoom,172.07,-16.85,#bcbd22,161.85,0.5,47.37
Std8-MidRoom,184.44,-17.21,#bcbd22,-122.37,0.5,47.37
Std8-MidRoom,197.7,-15.93,#bcbd22,167.09,0.5,47.37
Std8-MidRoom,211.91,-15.72,#bcbd22,116.19,0.5,47.37
Std8-MidRoom,227.15,-15.51,#bcbd22,12.56,0.5,47.37
Std8-MidRoom,243.48,-15.2,#bcbd22,-12.75,0.5,47.37
Std8-MidRoom,260.98,-14.28,#bcbd22,-111.45,0.5,47.37
Std8-MidRoom,279.74,-14.8,#bcbd22,-37.56,0.5,47.37
Std8-MidRoom,299.85,-14.59,#bcbd22,63.31,0.5,47.37
Std8-MidRoom,321.41,-15.47,#bcbd22,47.63,0.5,47.37
Std8-MidRoom,344.52,-14.87,#bcbd22,17.2,0.5,47.37
Std8-MidRoom,369.28,-15.36,#bcbd22,155.87,0.5,47.37
Std8-MidRoom,395.83,-14.91,#bcbd22,2.96,0.5,47.37
Std8-MidRoom,424.29,-14.77,#bcbd22,152.68,0.5,47.37
Std8-MidRoom,454.79,-15.57,#bcbd22,-125.19,0.5,47.37
Std8-MidRoom,487.49,-15.07,#bcbd22,132.07,0.5,47.37
Std8-MidRoom,522.54,-14.95,#bcbd22,-39.92,0.5,47.37
Std8-MidRoom,560.1,-14.47,#bcbd22,-92.98,0.5,47.37
Std8-MidRoom,600.37,-15.18,#bcbd22,25.58,0.5,47.37
Std8-MidRoom,643.53,-15.23,#bcbd22,-153.19,0.5,47.37
Std8-MidRoom,689.79,-15.03,#bcbd22,-27.42,0.5,47.37
Std8-MidRoom,739.38,-14.74,#bcbd22,143.64,0.5,47.37
Std8-MidRoom,792.54,-15.17,#bcbd22,-18.61,0.5,47.37
Std8-MidRoom,849.51,-14.92,#bcbd22,-66.13,0.5,47.37
Std8-MidRoom,910.59,-14.96,#bcbd22,5.77,0.5,47.37
Std8-MidRoom,976.05,-15.49,#bcbd22,30.04,0.5,47.37
Std8-MidRoom,1046.22,-15.16,#bcbd22,-95.1,0.5,47.37
Std8-MidRoom,1121.43,-14.98,#bcbd22,-95.23,0.5,47.37
Std8-MidRoom,1202.06,-15.66,#bcbd22,19.39,0.5,47.37
Std8-MidRoom,1288.47,-15.75,#bcbd22,-101.71,0.5,47.37
Std8-MidRoom,1381.1,-16.21,#bcbd22,137.0,0.5,47.37
Std8-MidRoom,1480.39,-16.61,#bcbd22,109.9,0.5,47.37
Std8-MidRoom,1586.82,-16.09,#bcbd22,-31.89,0.5,47.37
Std8-MidRoom,1700.9,-17.57,#bcbd22,104.97,0.5,47.37
Std8-MidRoom,1823.18,-17.33,#bcbd22,103.19,0.5,47.37
Std8-MidRoom,1954.25,-17.77,#bcbd22,0.84,0.5,47.37
Std8-MidRoom,2094.74,-18.18,#bcbd22,164.77,0.5,47.37
Std8-MidRoom,2245.34,-18.38,#bcbd22,85.37,0.5,47.37
Std8-MidRoom,2406.76,-19.05,#bcbd22,-178.08,0.5,47.37
Std8-MidRoom,2579.78,-20.18,#bcbd22,61.36,0.5,47.37
Std8-MidRoom,2765.24,-19.79,#bcbd22,73.44,0.5,47.37
Std8-MidRoom,2964.04,-19.71,#bcbd22,-50.48,0.5,47.37
Std8-MidRoom,3177.13,-19.86,#bcbd22,164.42,0.5,47.37
Std8-MidRoom,3405.54,-20.24,#bcbd22,13.16,0.5,47.37
Std8-MidRoom,3650.37,-20.69,#bcbd22,-112.69,0.5,47.37
Std8-MidRoom,3912.8,-21.28,#bcbd22,112.13,0.5,47.37
Std8-MidRoom,4194.09,-20.9,#bcbd22,-100.68,0.5,47.37
Std8-MidRoom,4495.61,-21.45,#bcbd22,82.9,0.5,47.37
Std8-MidRoom,4818.81,-21.67,#bcbd22,-2.81,0.5,47.37
Std8-MidRoom,5165.24,-21.95,#bcbd22,-125.05,0.5,47.37
Std8-MidRoom,5536.57,-22.41,#bcbd22,57.22,0.5,47.37
Std8-MidRoom,5934.6,-22.61,#bcbd22,-81.81,0.5,47.37
Std8-MidRoom,6361.25,-23.18,#bcbd22,157.68,0.5,47.37
Std8-MidRoom,6818.57,-23.53,#bcbd22,-107.16,0.5,47.37
Std8-MidRoom,7308.77,-23.07,#bcbd22,-72.36,0.5,47.37
Std8-MidRoom,7834.2,-23.63,#bcbd22,164.68,0.5,47.37
Std8-MidRoom,8397.41,-24.08,#bcbd22,119.06,0.5,47.37
Std8-MidRoom,9001.12,-24.95,#bcbd22,-87.96,0.5,47.37
Std8-MidRoom,9648.22,-25.4,#bcbd22,-46.94,0.5,47.37
Std8-MidRoom,10341.84,-26.07,#bcbd22,0.79,0.5,47.37
Std8-MidRoom,11085.33,-26.98,#bcbd22,99.7,0.5,47.37
Std8-MidRoom,11882.27,-27.45,#bcbd22,-94.57,0.5,47.37
Std8-MidRoom,12736.5,-27.93,#bcbd22,69.15,0.5,47.37
Std8-MidRoom,13652.14,-28.87,#bcbd22,84.27,0.5,47.37
Std8-MidRoom,14633.61,-29.38,#bcbd22,-179.05,0.5,47.37
Std8-MidRoom,15685.64,-30.15,#bcbd22,160.8,0.5,47.37
Std8-MidRoom,16813.31,-30.6,#bcbd22,-36.96,0.5,47.37
Std8-MidRoom,18022.04,-31.15,#bcbd22,-127.76,0.5,47.37
Std8-MidRoom,19317.66,-31.11,#bcbd22,-170.98,0.5,47.37
Std8-NECornerHigh,20.0,-24.03,#ff7f0e,-134.08,0.48,49.0
Std8-NECornerHigh,21.44,-22.73,#ff7f0e,-133.0,0.48,49.0
Std8-NECornerHigh,22.98,-22.79,#ff7f0e,-134.63,0.48,49.0
Std8-NECornerHigh,24.63,-23.23,#ff7f0e,-136.99,0.48,49.0
Std8-NECornerHigh,26.4,-23.06,#ff7f0e,-138.11,0.48,49.0
Std8-NECornerHigh,28.3,-22.28,#ff7f0e,-137.99,0.48,49.0
Std8-NECornerHigh,30.33,-22.0,#ff7f0e,-138.84,0.48,49.0
Std8-NECornerHigh,32.52,-21.95,#ff7f0e,-140.13,0.48,49.0
Std8-NECornerHigh,34.85,-21.76,#ff7f0e,-141.11,0.48,49.0
Std8-NECornerHigh,37.36,-21.83,#ff7f0e,-142.57,0.48,49.0
Std8-NECornerHigh,40.04,-22.12,#ff7f0e,-144.47,0.48,49.0
Std8-NECornerHigh,42.92,-20.73,#ff7f0e,-142.94,0.48,49.0
Std8-NECornerHigh,46.01,-21.24,#ff7f0e,-145.19,0.48,49.0
Std8-NECornerHigh,49.32,-21.31,#ff7f0e,-146.53,0.48,49.0
Std8-NECornerHigh,52.86,-20.66,#ff7f0e,-146.39,0.48,49.0
Std8-NECornerHigh,56.66,-21.03,#ff7f0e,-148.25,0.48,49.0
Std8-NECornerHigh,60.74,-20.49,#ff7f0e,-148.25,0.48,49.0
Std8-NECornerHigh,65.1,-21.32,#ff7f0e,-150.95,0.48,49.0
Std8-NECornerHigh,69.78,-22.25,#ff7f0e,-153.83,0.48,49.0
Std8-NECornerHigh,74.8,-21.91,#ff7f0e,-154.11,0.48,49.0
Std8-NECornerHigh,80.18,-22.35,#ff7f0e,-155.92,0.48,49.0
Std8-NECornerHigh,85.94,-22.51,#ff7f0e,-157.15,0.48,49.0
Std8-NECornerHigh,92.12,-22.17,#ff7f0e,-157.34,0.48,49.0
Std8-NECornerHigh,98.74,-22.29,#ff7f0e,-158.43,0.48,49.0
Std8-NECornerHigh,105.84,-22.96,#ff7f0e,-160.61,0.48,49.0
Std8-NECornerHigh,113.45,-23.39,#ff7f0e,-162.31,0.48,49.0
Std8-NECornerHigh,121.6,-23.2,#ff7f0e,-162.78,0.48,49.0
Std8-NECornerHigh,130.35,-23.32,#ff7f0e,-163.88,0.48,49.0
Std8-NECornerHigh,139.72,-24.07,#ff7f0e,-166.31,0.48,49.0
Std8-NECornerHigh,149.76,-23.57,#ff7f0e,-166.31,0.48,49.0
Std8-NECornerHigh,160.53,-22.87,#ff7f0e,-166.03,0.48,49.0
Std8-NECornerHigh,172.07,-24.88,#ff7f0e,-171.31,0.48,49.0
Std8-NECornerHigh,184.44,-24.1,#ff7f0e,-171.2,0.48,49.0
Std8-NECornerHigh,197.7,-23.77,#ff7f0e,-172.24,0.48,49.0
Std8-NECornerHigh,211.91,-24.13,#ff7f0e,-174.96,0.48,49.0
Std8-NECornerHigh,227.15,-24.71,#ff7f0e,-178.49,0.48,49.0
Std8-NECornerHigh,243.48,-24.75,#ff7f0e,178.62,0.48,49.0
Std8-NECornerHigh,260.98,-25.28,#ff7f0e,174.23,0.48,49.0
Std8-NECornerHigh,279.74,-26.16,#ff7f0e,168.57,0.48,49.0
Std8-NECornerHigh,299.85,-27.62,#ff7f0e,161.12,0.48,49.0
Std8-NECornerHigh,321.41,-26.9,#ff7f0e,157.34,0.48,49.0
Std8-NECornerHigh,344.52,-27.59,#ff7f0e,150.04,0.48,49.0
Std8-NECornerHigh,369.28,-27.43,#ff7f0e,143.82,0.48,49.0
Std8-NECornerHigh,395.83,-27.41,#ff7f0e,136.76,0.48,49.0
Std8-NECornerHigh,424.29,-27.71,#ff7f0e,128.72,0.48,49.0
Std8-NECornerHigh,454.79,-27.32,#ff7f0e,122.03,0.48,49.0
Std8-NECornerHigh,487.49,-26.75,#ff7f0e,116.09,0.48,49.0
Std8-NECornerHigh,522.54,-25.88,#ff7f0e,111.68,0.48,49.0
Std8-NECornerHigh,560.1,-24.83,#ff7f0e,109.18,0.48,49.0
Std8-NECornerHigh,600.37,-25.08,#ff7f0e,106.3,0.48,49.0
Std8-NECornerHigh,643.53,-23.61,#ff7f0e,109.67,0.48,49.0
Std8-NECornerHigh,689.79,-24.01,#ff7f0e,112.4,0.48,49.0
Std8-NECornerHigh,739.38,-23.9,#ff7f0e,119.12,0.48,49.0
Std8-NECornerHigh,792.54,-25.55,#ff7f0e,124.46,0.48,49.0
Std8-NECornerHigh,849.51,-26.51,#ff7f0e,131.57,0.48,49.0
Std8-NECornerHigh,910.59,-25.89,#ff7f0e,139.78,0.48,49.0
Std8-NECornerHigh,976.05,-26.29,#ff7f0e,141.09,0.48,49.0
Std8-NECornerHigh,1046.22,-24.8,#ff7f0e,139.04,0.48,49.0
Std8-NECornerHigh,1121.43,-24.54,#ff7f0e,126.93,0.48,49.0
Std8-NECornerHigh,1202.06,-24.13,#ff7f0e,110.24,0.48,49.0
Std8-NECornerHigh,1288.47,-25.67,#ff7f0e,90.79,0.48,49.0
Std8-NECornerHigh,1381.1,-25.38,#ff7f0e,83.92,0.48,49.0
Std8-NECornerHigh,1480.39,-26.24,#ff7f0e,88.8,0.48,49.0
Std8-NECornerHigh,1586.82,-25.43,#ff7f0e,108.37,0.48,49.0
Std8-NECornerHigh,1700.9,-24.4,#ff7f0e,127.0,0.48,49.0
Std8-NECornerHigh,1823.18,-25.04,#ff7f0e,124.86,0.48,49.0
Std8-NECornerHigh,1954.25,-25.96,#ff7f0e,100.53,0.48,49.0
Std8-NECornerHigh,2094.74,-25.69,#ff7f0e,75.74,0.48,49.0
Std8-NECornerHigh,2245.34,-24.69,#ff7f0e,78.22,0.48,49.0
Std8-NECornerHigh,2406.76,-25.79,#ff7f0e,103.43,0.48,49.0
Std8-NECornerHigh,2579.78,-25.67,#ff7f0e,116.43,0.48,49.0
Std8-NECornerHigh,2765.24,-25.2,#ff7f0e,87.91,0.48,49.0
Std8-NECornerHigh,2964.04,-26.29,#ff7f0e,62.46,0.48,49.0
Std8-NECornerHigh,3177.13,-24.79,#ff7f0e,95.38,0.48,49.0
Std8-NECornerHigh,3405.54,-25.41,#ff7f0e,106.74,0.48,49.0
Std8-NECornerHigh,3650.37,-26.26,#ff7f0e,61.79,0.48,49.0
Std8-NECornerHigh,3912.8,-24.14,#ff7f0e,81.4,0.48,49.0
Std8-NECornerHigh,4194.09,-24.46,#ff7f0e,102.88,0.48,49.0
Std8-NECornerHigh,4495.61,-26.39,#ff7f0e,51.46,0.48,49.0
Std8-NECornerHigh,4818.81,-24.46,#ff7f0e,96.97,0.48,49.0
Std8-NECornerHigh,5165.24,-25.27,#ff7f0e,63.17,0.48,49.0
Std8-NECornerHigh,5536.57,-25.43,#ff7f0e,80.24,0.48,49.0
Std8-NECornerHigh,5934.6,-24.2,#ff7f0e,64.62,0.48,49.0
Std8-NECornerHigh,6361.25,-24.22,#ff7f0e,86.02,0.48,49.0
Std8-NECornerHigh,6818.57,-25.37,#ff7f0e,44.58,0.48,49.0
Std8-NECornerHigh,7308.77,-26.28,#ff7f0e,87.16,0.48,49.0
Std8-NECornerHigh,7834.2,-25.62,#ff7f0e,59.24,0.48,49.0
Std8-NECornerHigh,8397.41,-24.46,#ff7f0e,40.35,0.48,49.0
Std8-NECornerHigh,9001.12,-25.52,#ff7f0e,65.9,0.48,49.0
Std8-NECornerHigh,9648.22,-24.35,#ff7f0e,84.71,0.48,49.0
Std8-NECornerHigh,10341.84,-25.07,#ff7f0e,78.77,0.48,49.0
Std8-NECornerHigh,11085.33,-24.11,#ff7f0e,73.6,0.48,49.0
Std8-NECornerHigh,11882.27,-25.65,#ff7f0e,70.38,0.48,49.0
Std8-NECornerHigh,12736.5,-25.32,#ff7f0e,75.58,0.48,49.0
Std8-NECornerHigh,13652.14,-24.63,#ff7f0e,67.52,0.48,49.0
Std8-NECornerHigh,14633.61,-25.31,#ff7f0e,29.08,0.48,49.0
Std8-NECornerHigh,15685.64,-24.57,#ff7f0e,42.74,0.48,49.0
Std8-NECornerHigh,16813.31,-25.43,#ff7f0e,57.4,0.48,49.0
Std8-NECornerHigh,18022.04,-24.36,#ff7f0e,35.73,0.48,49.0
Std8-NECornerHigh,19317.66,-25.34,#ff7f0e,26.03,0.48,49.0
Std8-NECornerMid,20.0,-18.41,#e377c2,-66.79,0.5,47.37
Std8-NECornerMid,21.44,-19.21,#e377c2,144.6,0.5,47.37
Std8-NECornerMid,22.98,-20.26,#e377c2,57.27,0.5,47.37
Std8-NECornerMid,24.63,-21.25,#e377c2,132.09,0.5,47.37
Std8-NECornerMid,26.4,-21.48,#e377c2,43.73,0.5,47.37
Std8-NECornerMid,28.3,-21.13,#e377c2,-38.92,0.5,47.37
Std8-NECornerMid,30.33,-21.67,#e377c2,-48.17,0.5,47.37
Std8-NECornerMid,32.52,-20.72,#e377c2,109.96,0.5,47.37
Std8-NECornerMid,34.85,-20.37,#e377c2,58.59,0.5,47.37
Std8-NECornerMid,37.36,-19.19,#e377c2,-97.15,0.5,47.37
Std8-NECornerMid,40.04,-18.22,#e377c2,4.13,0.5,47.37
Std8-NECornerMid,42.92,-17.35,#e377c2,-88.61,0.5,47.37
Std8-NECornerMid,46.01,-16.21,#e377c2,-119.44,0.5,47.37
Std8-NECornerMid,49.32,-15.42,#e377c2,-87.1,0.5,47.37
Std8-NECornerMid,52.86,-14.25,#e377c2,155.02,0.5,47.37
Std8-NECornerMid,56.66,-13.46,#e377c2,-106.93,0.5,47.37
Std8-NECornerMid,60.74,-11.94,#e377c2,-75.53,0.5,47.37
Std8-NECornerMid,65.1,-11.7,#e377c2,58.46,0.5,47.37
Std8-NECornerMid,69.78,-11.58,#e377c2,-40.18,0.5,47.37
Std8-NECornerMid,74.8,-11.63,#e377c2,171.96,0.5,47.37
Std8-NECornerMid,80.18,-11.27,#e377c2,119.71,0.5,47.37
Std8-NECornerMid,85.94,-10.99,#e377c2,96.95,0.5,47.37
Std8-NECornerMid,92.12,-12.26,#e377c2,34.43,0.5,47.37
Std8-NECornerMid,98.74,-12.49,#e377c2,-130.74,0.5,47.37
Std8-NECornerMid,105.84,-11.87,#e377c2,165.53,0.5,47.37
Std8-NECornerMid,113.45,-11.99,#e377c2,19.91,0.5,47.37
Std8-NECornerMid,121.6,-12.1,#e377c2,74.93,0.5,47.37
Std8-NECornerMid,130.35,-12.15,#e377c2,58.91,0.5,47.37
Std8-NECornerMid,139.72,-11.29,#e377c2,-43.89,0.5,47.37
Std8-NECornerMid,149.76,-11.85,#e377c2,-106.87,0.5,47.37
Std8-NECornerMid,160.53,-12.26,#e377c2,-160.02,0.5,47.37
Std8-NECornerMid,172.07,-12.58,#e377c2,82.01,0.5,47.37
Std8-NECornerMid,184.44,-12.39,#e377c2,-99.88,0.5,47.37
Std8-NECornerMid,197.7,-13.09,#e377c2,-18.74,0.5,47.37
Std8-NECornerMid,211.91,-13.15,#e377c2,93.05,0.5,47.37
Std8-NECornerMid,227.15,-14.04,#e377c2,109.87,0.5,47.37
Std8-NECornerMid,243.48,-14.64,#e377c2,-95.22,0.5,47.37
Std8-NECornerMid,260.98,-15.64,#e377c2,84.52,0.5,47.37
Std8-NECornerMid,279.74,-15.66,#e377c2,12.9,0.5,47.37
Std8-NECornerMid,299.85,-16.09,#e377c2,-156.91,0.5,47.37
Std8-NECornerMid,321.41,-16.18,#e377c2,-110.06,0.5,47.37
Std8-NECornerMid,344.52,-16.32,#e377c2,118.37,0.5,47.37
Std8-NECornerMid,369.28,-16.75,#e377c2,159.87,0.5,47.37
Std8-NECornerMid,395.83,-16.92,#e377c2,-51.02,0.5,47.37
Std8-NECornerMid,424.29,-16.97,#e377c2,-85.53,0.5,47.37
Std8-NECornerMid,454.79,-17.61,#e377c2,137.19,0.5,47.37
Std8-NECornerMid,487.49,-18.22,#e377c2,11.86,0.5,47.37
Std8-NECornerMid,522.54,-18.35,#e377c2,-135.0,0.5,47.37
Std8-NECornerMid,560.1,-18.71,#e377c2,-15.1,0.5,47.37
Std8-NECornerMid,600.37,-18.66,#e377c2,-106.31,0.5,47.37
Std8-NECornerMid,643.53,-18.82,#e377c2,-2.0,0.5,47.37
Std8-NECornerMid,689.79,-19.22,#e377c2,-70.74,0.5,47.37
Std8-NECornerMid,739.38,-18.98,#e377c2,-31.93,0.5,47.37
Std8-NECornerMid,792.54,-20.27,#e377c2,-81.13,0.5,47.37
Std8-NECornerMid,849.51,-20.32,#e377c2,-72.21,0.5,47.37
Std8-NECornerMid,910.59,-20.52,#e377c2,52.36,0.5,47.37
Std8-NECornerMid,976.05,-20.88,#e377c2,79.87,0.5,47.37
Std8-NECornerMid,1046.22,-21.25,#e377c2,14.37,0.5,47.37
Std8-NECornerMid,1121.43,-22.06,#e377c2,-98.51,0.5,47.37
Std8-NECornerMid,1202.06,-22.59,#e377c2,-148.32,0.5,47.37
Std8-NECornerMid,1288.47,-21.85,#e377c2,5.39,0.5,47.37
Std8-NECornerMid,1381.1,-21.9,#e377c2,13.09,0.5,47.37
Std8-NECornerMid,1480.39,-22.47,#e377c2,98.54,0.5,47.37
Std8-NECornerMid,1586.82,-22.93,#e377c2,-152.06,0.5,47.37
Std8-NECornerMid,1700.9,-23.53,#e377c2,178.65,0.5,47.37
Std8-NECornerMid,1823.18,-23.76,#e377c2,7.94,0.5,47.37
Std8-NECornerMid,1954.25,-23.6,#e377c2,127.25,0.5,47.37
Std8-NECornerMid,2094.74,-24.71,#e377c2,96.31,0.5,47.37
Std8-NECornerMid,2245.34,-24.62,#e377c2,98.45,0.5,47.37
Std8-NECornerMid,2406.76,-24.21,#e377c2,167.61,0.5,47.37
Std8-NECornerMid,2579.78,-24.56,#e377c2,-62.37,0.5,47.37
Std8-NECornerMid,2765.24,-25.66,#e377c2,154.73,0.5,47.37
Std8-NECornerMid,2964.04,-25.66,#e377c2,133.7,0.5,47.37
Std8-NECornerMid,3177.13,-26.41,#e377c2,-142.51,0.5,47.37
Std8-NECornerMid,3405.54,-26.33,#e377c2,112.68,0.5,47.37
Std8-NECornerMid,3650.37,-26.44,#e377c2,151.84,0.5,47.37
Std8-NECornerMid,3912.8,-27.08,#e377c2,66.93,0.5,47.37
Std8-NECornerMid,4194.09,-27.64,#e377c2,140.07,0.5,47.37
Std8-NECornerMid,4495.61,-27.39,#e377c2,-4.92,0.5,47.37
Std8-NECornerMid,4818.81,-27.44,#e377c2,-136.97,0.5,47.37
Std8-NECornerMid,5165.24,-28.13,#e377c2,39.2,0.5,47.37
Std8-NECornerMid,5536.57,-28.33,#e377c2,-163.31,0.5,47.37
Std8-NECornerMid,5934.6,-29.13,#e377c2,-13.8,0.5,47.37
Std8-NECornerMid,6361.25,-28.87,#e377c2,165.28,0.5,47.37
Std8-NECornerMid,6818.57,-29.58,#e377c2,-0.81,0.5,47.37
Std8-NECornerMid,7308.77,-29.73,#e377c2,167.78,0.5,47.37
Std8-NECornerMid,7834.2,-29.59,#e377c2,-170.57,0.5,47.37
Std8-NECornerMid,8397.41,-29.83,#e377c2,52.64,0.5,47.37
Std8-NECornerMid,9001.12,-30.13,#e377c2,87.37,0.5,47.37
Std8-NECornerMid,9648.22,-30.86,#e377c2,-37.94,0.5,47.37
Std8-NECornerMid,10341.84,-31.4,#e377c2,34.42,0.5,47.37
Std8-NECornerMid,11085.33,-31.69,#e377c2,150.64,0.5,47.37
Std8-NECornerMid,11882.27,-31.85,#e377c2,-159.89,0.5,47.37
Std8-NECornerMid,12736.5,-32.18,#e377c2,111.37,0.5,47.37
Std8-NECornerMid,13652.14,-32.42,#e377c2,-23.1,0.5,47.37
Std8-NECornerMid,14633.61,-32.25,#e377c2,-75.1,0.5,47.37
Std8-NECornerMid,15685.64,-32.14,#e377c2,-12.49,0.5,47.37
Std8-NECornerMid,16813.31,-33.32,#e377c2,-114.83,0.5,47.37
Std8-NECornerMid,18022.04,-34.34,#e377c2,145.71,0.5,47.37
Std8-NECornerMid,19317.66,-34.66,#e377c2,-22.71,0.5,47.37
Std8-SECorner,20.0,-21.68,#1f77b4,-130.37,0.45,52.0
Std8-SECorner,21.44,-22.1,#1f77b4,-132.8,0.45,52.0
Std8-SECorner,22.98,-21.92,#1f77b4,-134.02,0.45,52.0
Std8-SECorner,24.63,-21.84,#1f77b4,-135.42,0.45,52.0
Std8-SECorner,26.4,-22.03,#1f77b4,-137.35,0.45,52.0
Std8-SECorner,28.3,-20.75,#1f77b4,-136.31,0.45,52.0
Std8-SECorner,30.33,-21.0,#1f77b4,-138.32,0.45,52.0
Std8-SECorner,32.52,-21.1,#1f77b4,-140.01,0.45,52.0
Std8-SECorner,34.85,-21.15,#1f77b4,-141.56,0.45,52.0
Std8-SECorner,37.36,-19.6,#1f77b4,-139.9,0.45,52.0
Std8-SECorner,40.04,-19.67,#1f77b4,-141.47,0.45,52.0
Std8-SECorner,42.92,-18.35,#1f77b4,-140.22,0.45,52.0
Std8-SECorner,46.01,-18.43,#1f77b4,-141.72,0.45,52.0
Std8-SECorner,49.32,-18.7,#1f77b4,-143.59,0.45,52.0
Std8-SECorner,52.86,-18.79,#1f77b4,-145.07,0.45,52.0
Std8-SECorner,56.66,-17.37,#1f77b4,-143.49,0.45,52.0
Std8-SECorner,60.74,-17.78,#1f77b4,-145.54,0.45,52.0
Std8-SECorner,65.1,-18.18,#1f77b4,-147.52,0.45,52.0
Std8-SECorner,69.78,-17.01,#1f77b4,-146.33,0.45,52.0
Std8-SECorner,74.8,-18.31,#1f77b4,-150.03,0.45,52.0
Std8-SECorner,80.18,-18.68,#1f77b4,-151.83,0.45,52.0
Std8-SECorner,85.94,-20.35,#1f77b4,-156.19,0.45,52.0
Std8-SECorner,92.12,-20.59,#1f77b4,-157.64,0.45,52.0
Std8-SECorner,98.74,-20.9,#1f77b4,-159.2,0.45,52.0
Std8-SECorner,105.84,-21.89,#1f77b4,-162.05,0.45,52.0
Std8-SECorner,113.45,-22.73,#1f77b4,-164.57,0.45,52.0
Std8-SECorner,121.6,-21.59,#1f77b4,-163.08,0.45,52.0
Std8-SECorner,130.35,-22.78,#1f77b4,-166.2,0.45,52.0
Std8-SECorner,139.72,-23.27,#1f77b4,-167.91,0.45,52.0
Std8-SECorner,149.76,-23.49,#1f77b4,-169.02,0.45,52.0
Std8-SECorner,160.53,-24.76,#1f77b4,-172.22,0.45,52.0
Std8-SECorner,172.07,-23.05,#1f77b4,-169.45,0.45,52.0
Std8-SECorner,184.44,-23.6,#1f77b4,-171.18,0.45,52.0
Std8-SECorner,197.7,-23.56,#1f77b4,-171.76,0.45,52.0
Std8-SECorner,211.91,-24.78,#1f77b4,-174.9,0.45,52.0
Std8-SECorner,227.15,-25.08,#1f77b4,-176.28,0.45,52.0
Std8-SECorner,243.48,-26.21,#1f77b4,-179.39,0.45,52.0
Std8-SECorner,260.98,-27.45,#1f77b4,177.1,0.45,52.0
Std8-SECorner,279.74,-26.69,#1f77b4,177.44,0.45,52.0
Std8-SECorner,299.85,-26.84,#1f77b4,175.68,0.45,52.0
Std8-SECorner,321.41,-28.08,#1f77b4,171.46,0.45,52.0
Std8-SECorner,344.52,-28.82,#1f77b4,167.84,0.45,52.0
Std8-SECorner,369.28,-26.84,#1f77b4,169.21,0.45,52.0
Std8-SECorner,395.83,-26.4,#1f77b4,166.94,0.45,52.0
Std8-SECorner,424.29,-27.59,#1f77b4,160.79,0.45,52.0
Std8-SECorner,454.79,-26.06,#1f77b4,159.35,0.45,52.0
Std8-SECorner,487.49,-26.51,#1f77b4,153.18,0.45,52.0
Std8-SECorner,522.54,-26.39,#1f77b4,147.34,0.45,52.0
Std8-SECorner,560.1,-25.18,#1f77b4,142.83,0.45,52.0
Std8-SECorner,600.37,-25.79,#1f77b4,133.95,0.45,52.0
Std8-SECorner,643.53,-24.7,#1f77b4,127.86,0.45,52.0
Std8-SECorner,689.79,-24.21,#1f77b4,120.24,0.45,52.0
Std8-SECorner,739.38,-24.04,#1f77b4,112.03,0.45,52.0
Std8-SECorner,792.54,-23.22,#1f77b4,105.73,0.45,52.0
Std8-SECorner,849.51,-23.18,#1f77b4,99.13,0.45,52.0
Std8-SECorner,910.59,-23.98,#1f77b4,92.92,0.45,52.0
Std8-SECorner,976.05,-24.41,#1f77b4,90.3,0.45,52.0
Std8-SECorner,1046.22,-26.64,#1f77b4,87.55,0.45,52.0
Std8-SECorner,1121.43,-25.95,#1f77b4,94.4,0.45,52.0
Std8-SECorner,1202.06,-26.33,#1f77b4,102.53,0.45,52.0
Std8-SECorner,1288.47,-23.95,#1f77b4,118.3,0.45,52.0
Std8-SECorner,1381.1,-23.28,#1f77b4,130.58,0.45,52.0
Std8-SECorner,1480.39,-24.11,#1f77b4,136.61,0.45,52.0
Std8-SECorner,1586.82,-25.7,#1f77b4,134.54,0.45,52.0
Std8-SECorner,1700.9,-27.0,#1f77b4,124.09,0.45,52.0
Std8-SECorner,1823.18,-25.16,#1f77b4,111.2,0.45,52.0
Std8-SECorner,1954.25,-24.65,#1f77b4,91.11,0.45,52.0
Std8-SECorner,2094.74,-23.89,#1f77b4,75.0,0.45,52.0
Std8-SECorner,2245.34,-25.82,#1f77b4,66.15,0.45,52.0
Std8-SECorner,2406.76,-26.88,#1f77b4,76.19,0.45,52.0
Std8-SECorner,2579.78,-24.71,#1f77b4,103.74,0.45,52.0
Std8-SECorner,2765.24,-23.14,#1f77b4,123.83,0.45,52.0
Std8-SECorner,2964.04,-26.88,#1f77b4,109.26,0.45,52.0
Std8-SECorner,3177.13,-24.82,#1f77b4,83.0,0.45,52.0
Std8-SECorner,3405.54,-25.35,#1f77b4,56.38,0.45,52.0
Std8-SECorner,3650.37,-25.29,#1f77b4,66.86,0.45,52.0
Std8-SECorner,3912.8,-23.54,#1f77b4,105.08,0.45,52.0
Std8-SECorner,4194.09,-26.24,#1f77b4,103.79,0.45,52.0
Std8-SECorner,4495.61,-24.25,#1f77b4,66.36,0.45,52.0
Std8-SECorner,4818.81,-25.64,#1f77b4,49.95,0.45,52.0
Std8-SECorner,5165.24,-24.05,#1f77b4,96.34,0.45,52.0
Std8-SECorner,5536.57,-26.34,#1f77b4,87.52,0.45,52.0
Std8-SECorner,5934.6,-24.61,#1f77b4,42.89,0.45,52.0
Std8-SECorner,6361.25,-23.93,#1f77b4,83.4,0.45,52.0
Std8-SECorner,6818.57,-25.92,#1f77b4,79.65,0.45,52.0
Std8-SECorner,7308.77,-26.64,#1f77b4,35.5,0.45,52.0
Std8-SECorner,7834.2,-24.92,#1f77b4,94.44,0.45,52.0
Std8-SECorner,8397.41,-24.77,#1f77b4,35.73,0.45,52.0
Std8-SECorner,9001.12,-23.48,#1f77b4,89.46,0.45,52.0
Std8-SECorner,9648.22,-24.62,#1f77b4,32.79,0.45,52.0
Std8-SECorner,10341.84,-25.87,#1f77b4,85.21,0.45,52.0
Std8-SECorner,11085.33,-25.93,#1f77b4,26.49,0.45,52.0
Std8-SECorner,11882.27,-25.62,#1f77b4,60.59,0.45,52.0
Std8-SECorner,12736.5,-23.99,#1f77b4,76.33,0.45,52.0
Std8-SECorner,13652.14,-25.79,#1f77b4,25.76,0.45,52.0
Std8-SECorner,14633.61,-25.11,#1f77b4,24.21,0.45,52.0
Std8-SECorner,15685.64,-24.94,#1f77b4,49.8,0.45,52.0
Std8-SECorner,16813.31,-24.23,#1f77b4,66.65,0.45,52.0
Std8-SECorner,18022.04,-25.33,#1f77b4,67.24,0.45,52.0
Std8-SECorner,19317.66,-25.79,#1f77b4,60.86,0.45,52.0
Std8-SWCorner,20.0,-19.4,#d62728,-89.09,0.45,52.0
Std8-SWCorner,21.44,-19.44,#d62728,-91.02,0.45,52.0
Std8-SWCorner,22.98,-21.58,#d62728,-97.16,0.45,52.0
Std8-SWCorner,24.63,-21.07,#d62728,-98.01,0.45,52.0
Std8-SWCorner,26.4,-20.11,#d62728,-97.97,0.45,52.0
Std8-SWCorner,28.3,-20.1,#d62728,-99.82,0.45,52.0
Std8-SWCorner,30.33,-19.67,#d62728,-100.86,0.45,52.0
Std8-SWCorner,32.52,-18.64,#d62728,-100.7,0.45,52.0
Std8-SWCorner,34.85,-18.26,#d62728,-101.87,0.45,52.0
Std8-SWCorner,37.36,-19.4,#d62728,-106.07,0.45,52.0
Std8-SWCorner,40.04,-18.02,#d62728,-105.28,0.45,52.0
Std8-SWCorner,42.92,-17.41,#d62728,-106.04,0.45,52.0
Std8-SWCorner,46.01,-17.15,#d62728,-107.53,0.45,52.0
Std8-SWCorner,49.32,-17.31,#d62728,-109.88,0.45,52.0
Std8-SWCorner,52.86,-16.63,#d62728,-110.58,0.45,52.0
Std8-SWCorner,56.66,-15.13,#d62728,-109.68,0.45,52.0
Std8-SWCorner,60.74,-15.09,#d62728,-111.76,0.45,52.0
Std8-SWCorner,65.1,-15.96,#d62728,-115.69,0.45,52.0
Std8-SWCorner,69.78,-13.96,#d62728,-113.94,0.45,52.0
Std8-SWCorner,74.8,-15.93,#d62728,-120.19,0.45,52.0
Std8-SWCorner,80.18,-15.1,#d62728,-120.93,0.45,52.0
Std8-SWCorner,85.94,-14.85,#d62728,-122.89,0.45,52.0
Std8-SWCorner,92.12,-15.74,#d62728,-127.23,0.45,52.0
Std8-SWCorner,98.74,-15.88,#d62728,-130.19,0.45,52.0
Std8-SWCorner,105.84,-16.77,#d62728,-134.76,0.45,52.0
Std8-SWCorner,113.45,-19.71,#d62728,-143.57,0.45,52.0
Std8-SWCorner,121.6,-20.21,#d62728,-147.64,0.45,52.0
Std8-SWCorner,130.35,-21.45,#d62728,-153.36,0.45,52.0
Std8-SWCorner,139.72,-22.36,#d62728,-158.63,0.45,52.0
Std8-SWCorner,149.76,-23.69,#d62728,-164.94,0.45,52.0
Std8-SWCorner,160.53,-25.16,#d62728,-171.76,0.45,52.0
Std8-SWCorner,172.07,-26.76,#d62728,-179.08,0.45,52.0
Std8-SWCorner,184.44,-26.62,#d62728,176.77,0.45,52.0
Std8-SWCorner,197.7,-28.46,#d62728,168.38,0.45,52.0
Std8-SWCorner,211.91,-28.34,#d62728,163.61,0.45,52.0
Std8-SWCorner,227.15,-29.75,#d62728,155.44,0.45,52.0
Std8-SWCorner,243.48,-29.92,#d62728,149.43,0.45,52.0
Std8-SWCorner,260.98,-30.01,#d62728,143.25,0.45,52.0
Std8-SWCorner,279.74,-29.47,#d62728,138.02,0.45,52.0
Std8-SWCorner,299.85,-29.23,#d62728,131.93,0.45,52.0
Std8-SWCorner,321.41,-29.26,#d62728,125.12,0.45,52.0
Std8-SWCorner,344.52,-28.26,#d62728,120.26,0.45,52.0
Std8-SWCorner,369.28,-28.24,#d62728,113.49,0.45,52.0
Std8-SWCorner,395.83,-27.3,#d62728,108.8,0.45,52.0
Std8-SWCorner,424.29,-25.8,#d62728,105.69,0.45,52.0
Std8-SWCorner,454.79,-27.18,#d62728,97.59,0.45,52.0
Std8-SWCorner,487.49,-26.47,#d62728,94.78,0.45,52.0
Std8-SWCorner,522.54,-25.85,#d62728,93.28,0.45,52.0
Std8-SWCorner,560.1,-25.24,#d62728,93.64,0.45,52.0
Std8-SWCorner,600.37,-24.53,#d62728,96.47,0.45,52.0
Std8-SWCorner,643.53,-24.23,#d62728,101.0,0.45,52.0
Std8-SWCorner,689.79,-23.95,#d62728,108.13,0.45,52.0
Std8-SWCorner,739.38,-23.2,#d62728,118.63,0.45,52.0
Std8-SWCorner,792.54,-22.46,#d62728,130.91,0.45,52.0
Std8-SWCorner,849.51,-23.45,#d62728,140.43,0.45,52.0
Std8-SWCorner,910.59,-23.22,#d62728,151.37,0.45,52.0
Std8-SWCorner,976.05,-25.13,#d62728,154.85,0.45,52.0
Std8-SWCorner,1046.22,-26.47,#d62728,153.94,0.45,52.0
Std8-SWCorner,1121.43,-26.7,#d62728,147.78,0.45,52.0
Std8-SWCorner,1202.06,-27.59,#d62728,132.03,0.45,52.0
Std8-SWCorner,1288.47,-25.35,#d62728,115.67,0.45,52.0
Std8-SWCorner,1381.1,-24.31,#d62728,94.25,0.45,52.0
Std8-SWCorner,1480.39,-23.23,#d62728,77.11,0.45,52.0
Std8-SWCorner,1586.82,-22.6,#d62728,71.02,0.45,52.0
Std8-SWCorner,1700.9,-24.31,#d62728,77.19,0.45,52.0
Std8-SWCorner,1823.18,-25.95,#d62728,98.25,0.45,52.0
Std8-SWCorner,1954.25,-26.22,#d62728,124.84,0.45,52.0
Std8-SWCorner,2094.74,-25.67,#d62728,137.45,0.45,52.0
Std8-SWCorner,2245.34,-24.58,#d62728,122.51,0.45,52.0
Std8-SWCorner,2406.76,-23.93,#d62728,85.37,0.45,52.0
Std8-SWCorner,2579.78,-24.85,#d62728,54.71,0.45,52.0
Std8-SWCorner,2765.24,-26.88,#d62728,62.42,0.45,52.0
Std8-SWCorner,2964.04,-25.56,#d62728,108.0,0.45,52.0
Std8-SWCorner,3177.13,-24.08,#d62728,128.87,0.45,52.0
Std8-SWCorner,3405.54,-25.68,#d62728,84.26,0.45,52.0
Std8-SWCorner,3650.37,-25.82,#d62728,42.84,0.45,52.0
Std8-SWCorner,3912.8,-25.16,#d62728,78.79,0.45,52.0
Std8-SWCorner,4194.09,-26.09,#d62728,118.51,0.45,52.0
Std8-SWCorner,4495.61,-25.53,#d62728,67.15,0.45,52.0
Std8-SWCorner,4818.81,-24.17,#d62728,46.64,0.45,52.0
Std8-SWCorner,5165.24,-25.91,#d62728,109.9,0.45,52.0
Std8-SWCorner,5536.57,-23.94,#d62728,66.37,0.45,52.0
Std8-SWCorner,5934.6,-25.29,#d62728,51.17,0.45,52.0
Std8-SWCorner,6361.25,-24.35,#d62728,106.83,0.45,52.0
Std8-SWCorner,6818.57,-25.28,#d62728,27.58,0.45,52.0
Std8-SWCorner,7308.77,-26.25,#d62728,103.4,0.45,52.0
Std8-SWCorner,7834.2,-25.44,#d62728,23.82,0.45,52.0
Std8-SWCorner,8397.41,-25.41,#d62728,101.51,0.45,52.0
Std8-SWCorner,9001.12,-26.57,#d62728,24.65,0.45,52.0
Std8-SWCorner,9648.22,-25.69,#d62728,66.74,0.45,52.0
Std8-SWCorner,10341.84,-24.33,#d62728,86.93,0.45,52.0
Std8-SWCorner,11085.33,-25.48,#d62728,20.08,0.45,52.0
Std8-SWCorner,11882.27,-25.35,#d62728,30.02,0.45,52.0
Std8-SWCorner,12736.5,-24.9,#d62728,72.87,0.45,52.0
Std8-SWCorner,13652.14,-25.89,#d62728,87.11,0.45,52.0
Std8-SWCorner,14633.61,-25.39,#d62728,86.84,0.45,52.0
Std8-SWCorner,15685.64,-24.19,#d62728,87.59,0.45,52.0
Std8-SWCorner,16813.31,-24.2,#d62728,83.71,0.45,52.0
Std8-SWCorner,18022.04,-25.75,#d62728,51.22,0.45,52.0
Std8-SWCorner,19317.66,-24.31,#d62728,4.48,0.45,52.0
